ID_Oferta,Titulo_Oferta,Ciudad,Region_Departamento,Fecha_Publicacion,Tipo_Contrato,Tipo_Jornada,Modalidad_Trabajo,Salario_Monto,Salario_Moneda,Salario_Tipo_Pago,Lenguajes_Lista,Frameworks_Lista,Bases_Datos_Lista,Herramientas_Lista,Nivel_Ingles,Nivel_Educacion,Anos_Experiencia,Conocimientos_Adicionales_Lista,Edad_Minima,Edad_Maxima,Categoria_Puesto,Nombre_Empresa,Contenido_Descripcion_Empresa,,Enlace_Oferta,Contenido_Descripcion_Oferta
1070,Ingeniero/a de Machine Learning,Puebla,Guanajuato,22/05/2025,Contrato intermitente,Por horas,Ambos,3000,USD,Mensual,"Python, JavaScript, SQL","React, Node.js","Mongodb, Postgresql","Git, Jenkins",Avanzado,Maestria,2,"Python, Java, Node.js",22,46,Arquitecto/a de software,"Lee, Sullivan and Harris",Start-up en crecimiento con foco en nuevas tecnologias.,,https://russell.com/,Necesitamos un ingeniero de software con experiencia en DevOps.
1071,Desarrollador/a Full Stack,Monterrey,Queretaro,28/02/2025,Convenio de practicas,Por horas,Ambos,4300,USD,Mensual,"Python, JavaScript, SQL","React, Node.js",Postgresql,"Docker, AWS",No Disponible,Tecnico,2,"Python, Django, Agile",24,55,Ingeniero/a de seguridad informatica,Martin LLC,Multinacional con proyectos en grandes ciudades del mundo.,,https://www.rush.net/,Necesitamos un ingeniero de software con experiencia en DevOps.
1072,Analista de Datos Senior,San Luis Potosi,Guanajuato,24/03/2025,Contrato de temporada,Por horas,Remoto,4000,USD,Mensual,No Disponible,"Vue.js, Nuxt.js","Postgresql, Mysql","Git, Jenkins",Avanzado,Maestria,3,"Oracle, Python, Tecnologia De La Informacion, Django, Lean, Agile",25,50,Arquitecto/a de software,Burke LLC,Multinacional con proyectos en grandes ciudades del mundo.,,http://www.campbell-li.com/,Necesitamos un ingeniero de software con experiencia en DevOps.
1073,Especialista en Ciberseguridad,Monterrey,Nuevo Leon,22/03/2025,Contrato ocasional,Tiempo completo,Presencial,4300,USD,Anual,"Java, Python","Vue.js, Nuxt.js","Mongodb, Postgresql","Git, Jenkins",Avanzado,Tecnico,5,"Java, C#, SQL",23,48,Especialista en machine learning,Smith-Rosario,Multinacional con proyectos en grandes ciudades del mundo.,,https://www.wagner.biz/,Ofrecemos un puesto en el area de machine learning con oportunidades de crecimiento.
1074,Arquitecto/a de Software,Leon,Puebla,02/06/2025,Contrato de temporada,Tiempo completo,Presencial,2500,USD,Anual,"Java, Python","Angular, TypeScript","Mongodb, Mysql, Postgresql","Git, Jenkins",No Disponible,Maestria,1,"Oracle, Python, Tecnologia De La Informacion, Django, Lean, Agile",25,45,Ingeniero/a de bases de datos,"Garza, Barrett and Miles",Empresa de tecnologia innovadora con un equipo global.,,https://www.miller.com/,Necesitamos un ingeniero de software con experiencia en DevOps.
1075,Ingeniero/a de Machine Learning,Cancun,Quintana Roo,20/05/2025,Contrato de temporada,Tiempo completo,Remoto,2500,USD,Mensual,"Python, JavaScript, SQL","React, Node.js",Postgresql,"Git, Jenkins",Intermedio,Universitario,3,"Python, Django, Agile",23,53,Desarrollador/a de software,Page Inc,Start-up en crecimiento con foco en nuevas tecnologias.,,https://www.miller.com/,Estamos buscando un gerente de proyectos con experiencia en tecnologias agiles.
1076,Cientifico/a de Datos,Tijuana,Nuevo Leon,05/04/2025,Contrato de temporada,Por horas,Ambos,3000,USD,Anual,"Java, C#, SQL",No Disponible,Postgresql,"Git, Jenkins",No Disponible,Tecnico,5,"Python, Java, Node.js",23,48,Analista de negocios ti,White Inc,Compania lider en inteligencia artificial y big data.,,http://www.colon-simon.com/,Ofrecemos una posicion para un desarrollador con experiencia en tecnologias modernas.
1077,Especialista en Ciberseguridad,Tijuana,Guanajuato,05/05/2025,Convenio de practicas,Tiempo completo,Presencial,4000,USD,Anual,"Java, Python","React, Node.js",Mongodb,"Git, Docker, Aws",Basico,Maestria,5,"Python, Django, Agile",23,45,Ingeniero/a de big data,Gomez Ltd,Desarrolladora de software con proyectos internacionales.,,https://www.farmer.org/,Estamos buscando un gerente de proyectos con experiencia en tecnologias agiles.
1078,Ingeniero/a de Machine Learning,Monterrey,Guanajuato,04/04/2025,Contrato intermitente,Tiempo completo,Presencial,4000,USD,Mensual,"Java, Python","React, Node.js","Postgresql, Mysql","Git, Docker, Aws",Avanzado,Tecnico,3,"Oracle, Python, Tecnologia De La Informacion, Django, Lean, Agile",25,51,Ingeniero/a devops,Quinn and Sons,Start-up en crecimiento con foco en nuevas tecnologias.,,http://taylor.info/,Buscamos un analista de datos con habilidades en Python y SQL.
1079,Arquitecto/a de Software,Tijuana,Yucatan,24/02/2025,Contrato de temporada,Tiempo completo,Remoto,2500,USD,Mensual,"Java, Python","Node.Js, Express.Js, Nestjs","Mongodb, Mysql","Git, Docker, Aws",No Disponible,Tecnico,4,No Disponible,24,48,Analista de datos,Simmons Inc,Empresa de tecnologia innovadora con un equipo global.,,http://www.mckay-carrillo.com/,Ofrecemos un puesto en el area de machine learning con oportunidades de crecimiento.
1080,Ingeniero/a de Machine Learning,San Luis Potosi,CDMX,06/02/2025,Contrato de temporada,Tiempo completo,Remoto,4000,USD,Anual,"Python, JavaScript, SQL","Angular, TypeScript","Mongodb, Mysql","Git, Jenkins",No Disponible,Maestria,4,"Python, Java, Node.js",25,46,Analista de negocios ti,Lopez-Cole,Empresa de tecnologia innovadora con un equipo global.,,http://www.willis.com/,Necesitamos un ingeniero de software con experiencia en DevOps.
1081,Cientifico/a de Datos,Merida,Nuevo Leon,26/04/2025,Contrato de temporada,Por horas,Ambos,2500,USD,Anual,"Python, JavaScript, SQL","React, Node.js","Mongodb, Mysql, Postgresql",No Disponible,Avanzado,Universitario,1,"Java, C#, SQL",22,46,Ingeniero/a de redes y telecomunicaciones,Mccall Inc,Start-up en crecimiento con foco en nuevas tecnologias.,,http://www.williams.com/,Ofrecemos una posicion para un desarrollador con experiencia en tecnologias modernas.
1082,Analista de Datos Senior,Monterrey,Yucatan,31/01/2025,Contrato ocasional,Por horas,Remoto,1000,USD,Anual,"Java, C#, Python",No Disponible,"Mongodb, Mysql","Git, Kubernetes",Avanzado,Maestria,4,"Java, C#, SQL",23,54,Ingeniero/a en ciberseguridad,Mcneil-Vang,Empresa de tecnologia innovadora con un equipo global.,,https://www.lopez-nguyen.net/,Ofrecemos un puesto en el area de machine learning con oportunidades de crecimiento.
1083,Cientifico/a de Datos,Guadalajara,Nuevo Leon,28/03/2025,Contrato ocasional,Por horas,Remoto,1000,USD,Anual,"Java, C#, SQL",No Disponible,"Mongodb, Postgresql","Docker, AWS",Intermedio,Tecnico,4,No Disponible,23,54,Ingeniero/a en inteligencia artificial,Terry-Harris,Start-up en crecimiento con foco en nuevas tecnologias.,,http://www.ramirez.com/,Necesitamos un ingeniero de software con experiencia en DevOps.
1084,Arquitecto/a de Software,San Luis Potosi,Baja California,04/04/2025,Contrato intermitente,Tiempo completo,Ambos,3500,USD,Anual,"Java, C#, SQL","Angular, TypeScript","Postgresql, Mysql","Docker, AWS",Basico,Universitario,2,No Disponible,25,50,Ingeniero/a devops,Anderson Inc,Start-up en crecimiento con foco en nuevas tecnologias.,,http://roberts-chavez.biz/,Necesitamos un ingeniero de software con experiencia en DevOps.
1085,Desarrollador/a Backend,Tijuana,San Luis Potosi,23/02/2025,Contrato ocasional,Tiempo completo,Ambos,5000,USD,Anual,No Disponible,No Disponible,"Mongodb, Mysql, Postgresql","Git, Kubernetes",Basico,Tecnico,4,"Oracle, Python, Tecnologia De La Informacion, Django, Lean, Agile",25,50,Ingeniero/a en inteligencia artificial,Joseph Inc,Empresa de tecnologia innovadora con un equipo global.,,http://www.moore.com/,Estamos buscando un gerente de proyectos con experiencia en tecnologias agiles.
1086,Desarrollador/a Full Stack,Ciudad de Mexico,San Luis Potosi,03/05/2025,Contrato intermitente,Tiempo completo,Remoto,5000,USD,Anual,No Disponible,"Vue.js, Nuxt.js","Mongodb, Mysql, Postgresql","Docker, AWS",No Disponible,Maestria,2,"Java, C#, SQL",25,53,Analista de datos,Roberts Group,Compania lider en inteligencia artificial y big data.,,https://www.taylor.com/,Necesitamos un ingeniero de software con experiencia en DevOps.
1087,Cientifico/a de Datos,Monterrey,Queretaro,11/01/2025,Contrato intermitente,Por horas,Presencial,1000,USD,Anual,"Java, C#, SQL","Angular, TypeScript",Mongodb,"Docker, AWS",No Disponible,Maestria,4,"Python, Django, Agile",22,53,Analista de negocios ti,Ayala and Sons,Multinacional con proyectos en grandes ciudades del mundo.,,http://scott.com/,Ofrecemos un puesto en el area de machine learning con oportunidades de crecimiento.
1088,Desarrollador/a Full Stack,Puebla,Baja California,15/05/2025,Convenio de practicas,Tiempo completo,Ambos,1000,USD,Anual,"Java, Python",No Disponible,Mongodb,"Git, Docker, Aws",Avanzado,Maestria,5,"Python, Django, Agile",22,47,Ingeniero/a devops,Allen LLC,Start-up en crecimiento con foco en nuevas tecnologias.,,https://francis.com/,Estamos buscando un gerente de proyectos con experiencia en tecnologias agiles.
1089,Desarrollador/a Full Stack,Cancun,Guanajuato,18/05/2025,Convenio de practicas,Por horas,Ambos,5000,USD,Anual,"Java, C#, Python","Angular, TypeScript",Postgresql,"Git, Jenkins",No Disponible,Tecnico,1,"Python, Django, Agile",25,54,Ingeniero/a de seguridad informatica,Gill Group,Compania lider en inteligencia artificial y big data.,,https://black-trevino.com/,Ofrecemos una posicion para un desarrollador con experiencia en tecnologias modernas.
1090,Desarrollador/a Backend,Cancun,Baja California,03/06/2025,Convenio de practicas,Tiempo completo,Remoto,4000,USD,Mensual,"Java, C#, SQL","Angular, TypeScript",Postgresql,"Git, Docker, Aws",No Disponible,Tecnico,2,"Python, Django, Agile",23,54,Analista de negocios ti,Larsen and Sons,Multinacional con proyectos en grandes ciudades del mundo.,,https://olson-graham.com/,Ofrecemos una posicion para un desarrollador con experiencia en tecnologias modernas.
1091,Ingeniero/a de Machine Learning,Tijuana,CDMX,18/02/2025,Contrato intermitente,Por horas,Presencial,3500,USD,Anual,"Java, C#, SQL","Node.Js, Express.Js, Nestjs","Mongodb, Mysql",No Disponible,Intermedio,Tecnico,1,"Java, C#, SQL",24,50,Ingeniero/a en pruebas de software,Bennett LLC,Desarrolladora de software con proyectos internacionales.,,https://kennedy.biz/,Necesitamos un ingeniero de software con experiencia en DevOps.
1092,Cientifico/a de Datos,Cancun,Quintana Roo,23/01/2025,Convenio de practicas,Por horas,Presencial,2000,USD,Anual,"Java, C#, Python",No Disponible,Postgresql,No Disponible,Intermedio,Tecnico,2,"Python, Django, Agile",23,50,Ingeniero/a en inteligencia artificial,Bishop-Zimmerman,Multinacional con proyectos en grandes ciudades del mundo.,,https://www.fleming.com/,Necesitamos un ingeniero de software con experiencia en DevOps.
1093,Desarrollador/a Full Stack,Monterrey,San Luis Potosi,05/03/2025,Convenio de practicas,Tiempo completo,Presencial,4300,USD,Mensual,No Disponible,"Angular, TypeScript",Postgresql,"Docker, AWS",Avanzado,Maestria,2,"Python, Django, Agile",22,46,Ingeniero/a de redes y telecomunicaciones,Eaton-Garner,Desarrolladora de software con proyectos internacionales.,,https://www.pena.net/,Ofrecemos una posicion para un desarrollador con experiencia en tecnologias modernas.
1094,Ingeniero/a de Machine Learning,San Luis Potosi,Nuevo Leon,25/05/2025,Convenio de practicas,Por horas,Presencial,3000,USD,Mensual,"Java, Python","React, Node.js",Postgresql,"Git, Jenkins",No Disponible,Maestria,5,"Python, Django, Agile",22,49,Ingeniero/a de redes y telecomunicaciones,Smith-Mitchell,Compania lider en inteligencia artificial y big data.,,http://hill.biz/,Ofrecemos un puesto en el area de machine learning con oportunidades de crecimiento.
1095,Gerente de Proyectos TI,Leon,Puebla,05/05/2025,Contrato intermitente,Por horas,Remoto,1000,USD,Mensual,No Disponible,"Angular, TypeScript",Mongodb,No Disponible,Basico,Universitario,1,"Python, Django, Agile",24,45,Ingeniero/a de bases de datos,"Lopez, Martinez and Dillon",Empresa de tecnologia innovadora con un equipo global.,,https://thomas-alexander.com/,Buscamos un analista de datos con habilidades en Python y SQL.
1096,Ingeniero/a de Machine Learning,Merida,CDMX,26/02/2025,Contrato ocasional,Por horas,Remoto,3000,USD,Mensual,"Java, Python","Node.Js, Express.Js, Nestjs",Postgresql,"Git, Kubernetes",No Disponible,Tecnico,1,"Python, Java, Node.js",22,45,Analista de negocios ti,Anderson PLC,Multinacional con proyectos en grandes ciudades del mundo.,,https://www.collins.com/,Necesitamos un ingeniero de software con experiencia en DevOps.
1097,Desarrollador/a Backend,Queretaro,Baja California,30/01/2025,Contrato intermitente,Por horas,Presencial,5000,USD,Mensual,No Disponible,"Vue.js, Nuxt.js",Mysql,"Git, Jenkins",Basico,Maestria,2,"Python, Java, Node.js",23,46,Analista de datos,Lopez Group,Desarrolladora de software con proyectos internacionales.,,https://ward-kim.com/,Ofrecemos una posicion para un desarrollador con experiencia en tecnologias modernas.
1098,Ingeniero/a de Machine Learning,Merida,Nuevo Leon,10/01/2025,Convenio de practicas,Por horas,Presencial,4000,USD,Mensual,No Disponible,"Node.Js, Express.Js, Nestjs","Mongodb, Mysql, Postgresql","Docker, AWS",Intermedio,Maestria,5,No Disponible,24,48,Ingeniero/a de big data,Roach-Wilson,Compania lider en inteligencia artificial y big data.,,http://young-hardin.org/,Ofrecemos un puesto en el area de machine learning con oportunidades de crecimiento.
1099,Especialista en Ciberseguridad,Ciudad de Mexico,Nuevo Leon,24/04/2025,Contrato de temporada,Tiempo completo,Ambos,1000,USD,Mensual,"Python, JavaScript, SQL","Node.Js, Express.Js, Nestjs","Postgresql, Mysql","Git, Docker, Aws",Intermedio,Universitario,3,"Oracle, Python, Tecnologia De La Informacion, Django, Lean, Agile",25,54,Ingeniero/a devops,Andrade LLC,Empresa de tecnologia innovadora con un equipo global.,,http://smith.org/,Buscamos un analista de datos con habilidades en Python y SQL.
1100,Desarrollador/a Full Stack,Monterrey,Queretaro,29/03/2025,Contrato de temporada,Tiempo completo,Remoto,3000,USD,Anual,"Java, C#, Python",No Disponible,"Mongodb, Mysql","Git, Docker, Aws",Intermedio,Universitario,5,No Disponible,25,54,Ingeniero/a de redes y telecomunicaciones,"Chang, Sanchez and Manning",Multinacional con proyectos en grandes ciudades del mundo.,,https://wolf.com/,Estamos buscando un gerente de proyectos con experiencia en tecnologias agiles.
1101,Gerente de Proyectos TI,Monterrey,Nuevo Leon,16/03/2025,Contrato intermitente,Tiempo completo,Presencial,3000,USD,Mensual,No Disponible,"Angular, TypeScript",Mongodb,"Git, Jenkins",Intermedio,Tecnico,5,"Python, Java, Node.js",24,46,Ingeniero/a de bases de datos,Leach PLC,Start-up en crecimiento con foco en nuevas tecnologias.,,https://griffith-ramos.com/,Ofrecemos una posicion para un desarrollador con experiencia en tecnologias modernas.
1102,Ingeniero/a de Machine Learning,Merida,Puebla,28/01/2025,Contrato de temporada,Tiempo completo,Remoto,2000,USD,Anual,"Python, JavaScript, SQL","Vue.js, Nuxt.js",Mongodb,"Git, Kubernetes",Intermedio,Tecnico,5,"Java, C#, SQL",25,46,Ingeniero/a de big data,"Barry, Lopez and Peters",Compania lider en inteligencia artificial y big data.,,http://koch-york.com/,Necesitamos un ingeniero de software con experiencia en DevOps.
1103,Desarrollador/a Full Stack,Queretaro,Queretaro,05/02/2025,Contrato de temporada,Por horas,Remoto,2500,USD,Mensual,No Disponible,"Node.Js, Express.Js, Nestjs",Postgresql,"Docker, AWS",Basico,Universitario,2,"Python, Java, Node.js",23,50,Desarrollador/a de software,Johnson-Pratt,Desarrolladora de software con proyectos internacionales.,,https://www.murphy-russell.net/,Ofrecemos un puesto en el area de machine learning con oportunidades de crecimiento.
1104,Cientifico/a de Datos,Ciudad de Mexico,Jalisco,03/03/2025,Contrato intermitente,Por horas,Presencial,5000,USD,Mensual,"Java, Python",No Disponible,"Mongodb, Mysql, Postgresql","Git, Jenkins",No Disponible,Tecnico,3,"Java, C#, SQL",22,45,Ingeniero/a de big data,Powers-Tucker,Compania lider en inteligencia artificial y big data.,,https://www.schmidt-lawrence.com/,Estamos buscando un gerente de proyectos con experiencia en tecnologias agiles.
1105,Cientifico/a de Datos,Leon,Jalisco,05/02/2025,Contrato de temporada,Por horas,Presencial,4300,USD,Mensual,No Disponible,"Node.Js, Express.Js, Nestjs",Postgresql,"Git, Docker, Aws",No Disponible,Tecnico,5,"Python, Django, Agile",25,54,Ingeniero/a de redes y telecomunicaciones,Hart LLC,Desarrolladora de software con proyectos internacionales.,,https://james.com/,Estamos buscando un gerente de proyectos con experiencia en tecnologias agiles.
1106,Ingeniero/a de Machine Learning,San Luis Potosi,Quintana Roo,03/04/2025,Contrato ocasional,Tiempo completo,Presencial,4000,USD,Mensual,"Python, JavaScript, SQL",No Disponible,Mongodb,No Disponible,Basico,Universitario,1,"Python, Django, Agile",22,49,Ingeniero/a en ciberseguridad,Garcia Ltd,Empresa de tecnologia innovadora con un equipo global.,,https://zuniga-garcia.com/,Necesitamos un ingeniero de software con experiencia en DevOps.
1107,Cientifico/a de Datos,Guadalajara,Baja California,15/01/2025,Contrato de temporada,Por horas,Ambos,4300,USD,Anual,No Disponible,"Node.Js, Express.Js, Nestjs","Mongodb, Postgresql",No Disponible,No Disponible,Maestria,4,"Oracle, Python, Tecnologia De La Informacion, Django, Lean, Agile",24,52,Ingeniero/a de seguridad informatica,"Melendez, Lee and Miller",Empresa de tecnologia innovadora con un equipo global.,,http://charles-barnes.com/,Buscamos un analista de datos con habilidades en Python y SQL.
1108,Desarrollador/a Full Stack,Puebla,CDMX,12/04/2025,Contrato de temporada,Tiempo completo,Presencial,3000,USD,Mensual,No Disponible,No Disponible,Postgresql,No Disponible,Intermedio,Universitario,2,"Oracle, Python, Tecnologia De La Informacion, Django, Lean, Agile",25,45,Arquitecto/a de software,"Ewing, Henry and Rodriguez",Start-up en crecimiento con foco en nuevas tecnologias.,,https://cooper-taylor.net/,Necesitamos un ingeniero de software con experiencia en DevOps.
1109,Cientifico/a de Datos,Cancun,Puebla,04/03/2025,Contrato intermitente,Tiempo completo,Presencial,3500,USD,Anual,No Disponible,"Angular, TypeScript",Mongodb,No Disponible,Basico,Tecnico,2,"Python, Java, Node.js",22,47,Ingeniero/a de big data,"Johnson, Gray and Harmon",Start-up en crecimiento con foco en nuevas tecnologias.,,http://www.smith.biz/,Ofrecemos una posicion para un desarrollador con experiencia en tecnologias modernas.
1110,Ingeniero/a de Machine Learning,Ciudad de Mexico,Queretaro,31/03/2025,Contrato ocasional,Por horas,Presencial,4300,USD,Anual,"Java, C#, SQL","Vue.js, Nuxt.js",Mongodb,"Git, Kubernetes",Avanzado,Tecnico,3,"Python, Django, Agile",22,50,Gerente de proyectos de ti,Paul-Martinez,Multinacional con proyectos en grandes ciudades del mundo.,,https://www.stewart.com/,Ofrecemos un puesto en el area de machine learning con oportunidades de crecimiento.
1111,Desarrollador/a Full Stack,Puebla,Queretaro,29/01/2025,Convenio de practicas,Tiempo completo,Presencial,1000,USD,Mensual,"Python, JavaScript, SQL","Node.Js, Express.Js, Nestjs","Mongodb, Mysql, Postgresql","Docker, AWS",No Disponible,Tecnico,2,"Java, C#, SQL",24,46,Ingeniero/a en ciberseguridad,Olsen-Jenkins,Multinacional con proyectos en grandes ciudades del mundo.,,http://www.hicks.com/,Ofrecemos una posicion para un desarrollador con experiencia en tecnologias modernas.
1112,Analista de Datos Senior,Leon,Guanajuato,18/04/2025,Contrato intermitente,Por horas,Remoto,5000,USD,Mensual,"Java, C#, SQL",No Disponible,"Mongodb, Mysql","Git, Jenkins",Intermedio,Tecnico,2,No Disponible,24,49,Ingeniero/a de seguridad informatica,Todd Ltd,Desarrolladora de software con proyectos internacionales.,,https://peterson-anderson.com/,Ofrecemos una posicion para un desarrollador con experiencia en tecnologias modernas.
1113,Ingeniero/a de Machine Learning,Cancun,Nuevo Leon,25/02/2025,Convenio de practicas,Por horas,Ambos,2500,USD,Anual,"Java, Python","Angular, TypeScript",Mysql,"Git, Docker, Aws",Basico,Tecnico,5,"Python, Django, Agile",22,49,Ingeniero/a en inteligencia artificial,Gibson LLC,Desarrolladora de software con proyectos internacionales.,,https://www.murray.com/,Estamos buscando un gerente de proyectos con experiencia en tecnologias agiles.
1114,Analista de Datos Senior,Leon,Quintana Roo,03/03/2025,Contrato intermitente,Tiempo completo,Remoto,4300,USD,Anual,"Python, JavaScript, SQL","Vue.js, Nuxt.js","Mongodb, Mysql","Docker, AWS",Intermedio,Universitario,3,"Java, C#, SQL",25,48,Ingeniero/a de bases de datos,Brown PLC,Empresa de tecnologia innovadora con un equipo global.,,http://berger.com/,Estamos buscando un gerente de proyectos con experiencia en tecnologias agiles.
1115,Arquitecto/a de Software,Leon,CDMX,14/01/2025,Contrato ocasional,Por horas,Presencial,2500,USD,Mensual,"Java, C#, SQL","Vue.js, Nuxt.js",Postgresql,"Git, Docker, Aws",Intermedio,Tecnico,2,"Java, C#, SQL",23,46,Cientifico/a de datos,Williams-Acosta,Start-up en crecimiento con foco en nuevas tecnologias.,,https://byrd-villarreal.com/,Necesitamos un ingeniero de software con experiencia en DevOps.
1116,Cientifico/a de Datos,Merida,Baja California,22/04/2025,Contrato ocasional,Por horas,Remoto,4300,USD,Anual,"Python, JavaScript, SQL","React, Node.js",Mysql,No Disponible,Avanzado,Universitario,4,"Python, Java, Node.js",25,54,Especialista en machine learning,Daniels-Cox,Multinacional con proyectos en grandes ciudades del mundo.,,http://www.lewis-gray.com/,Necesitamos un ingeniero de software con experiencia en DevOps.
1117,Especialista en Ciberseguridad,Leon,Yucatan,27/05/2025,Contrato intermitente,Tiempo completo,Remoto,4000,USD,Mensual,"Python, JavaScript, SQL","Vue.js, Nuxt.js","Mongodb, Mysql","Docker, AWS",Intermedio,Maestria,5,"Oracle, Python, Tecnologia De La Informacion, Django, Lean, Agile",24,45,Analista de negocios ti,Haynes LLC,Multinacional con proyectos en grandes ciudades del mundo.,,https://www.walton.com/,Buscamos un analista de datos con habilidades en Python y SQL.
1118,Ingeniero/a de Machine Learning,Merida,CDMX,30/04/2025,Contrato ocasional,Tiempo completo,Remoto,1000,USD,Anual,"Java, Python","React, Node.js","Mongodb, Mysql, Postgresql","Git, Jenkins",No Disponible,Maestria,1,"Oracle, Python, Tecnologia De La Informacion, Django, Lean, Agile",23,45,Desarrollador/a de software,Hampton Group,Empresa de tecnologia innovadora con un equipo global.,,http://www.brown-yang.com/,Estamos buscando un gerente de proyectos con experiencia en tecnologias agiles.
1119,Arquitecto/a de Software,Tijuana,Nuevo Leon,25/03/2025,Contrato intermitente,Por horas,Presencial,2500,USD,Anual,"Java, C#, Python","Node.Js, Express.Js, Nestjs","Mongodb, Mysql","Docker, AWS",Avanzado,Universitario,2,"Python, Java, Node.js",22,53,Ingeniero/a de bases de datos,Ellis-Brown,Multinacional con proyectos en grandes ciudades del mundo.,,https://www.larson.net/,Ofrecemos una posicion para un desarrollador con experiencia en tecnologias modernas.
1120,Desarrollador/a Full Stack,Puebla,Yucatan,25/05/2025,Contrato de temporada,Por horas,Remoto,3500,USD,Anual,"Java, C#, Python","Angular, TypeScript","Mongodb, Mysql","Git, Docker, Aws",Avanzado,Tecnico,1,"Python, Java, Node.js",22,52,Analista de datos,Clark-Grant,Multinacional con proyectos en grandes ciudades del mundo.,,http://www.gonzales-boyd.com/,Necesitamos un ingeniero de software con experiencia en DevOps.
1121,Desarrollador/a Backend,Merida,Queretaro,24/03/2025,Contrato ocasional,Por horas,Ambos,3500,USD,Anual,"Java, C#, SQL","Vue.js, Nuxt.js",Postgresql,"Git, Kubernetes",Intermedio,Universitario,5,No Disponible,24,46,Ingeniero/a de big data,Garner Group,Desarrolladora de software con proyectos internacionales.,,https://www.castro.org/,Buscamos un analista de datos con habilidades en Python y SQL.
1122,Cientifico/a de Datos,Guadalajara,Quintana Roo,13/05/2025,Convenio de practicas,Por horas,Remoto,5000,USD,Anual,"Python, JavaScript, SQL","Vue.js, Nuxt.js","Postgresql, Mysql","Git, Docker, Aws",Avanzado,Universitario,5,"Java, C#, SQL",24,51,Cientifico/a de datos,French LLC,Desarrolladora de software con proyectos internacionales.,,https://may.net/,Ofrecemos una posicion para un desarrollador con experiencia en tecnologias modernas.
1123,Ingeniero/a de Machine Learning,Ciudad de Mexico,Jalisco,23/02/2025,Contrato de temporada,Tiempo completo,Remoto,4000,USD,Anual,No Disponible,No Disponible,"Postgresql, Mysql","Docker, AWS",Intermedio,Tecnico,5,"Python, Java, Node.js",23,50,Ingeniero/a de seguridad informatica,Burke-Lopez,Empresa de tecnologia innovadora con un equipo global.,,https://sanchez.com/,Ofrecemos una posicion para un desarrollador con experiencia en tecnologias modernas.
1124,Cientifico/a de Datos,Monterrey,Jalisco,06/06/2025,Contrato ocasional,Por horas,Remoto,1000,USD,Mensual,No Disponible,"Node.Js, Express.Js, Nestjs","Mongodb, Postgresql","Docker, AWS",Avanzado,Tecnico,4,"Oracle, Python, Tecnologia De La Informacion, Django, Lean, Agile",25,47,Arquitecto/a de software,"Fleming, Joseph and Oconnor",Multinacional con proyectos en grandes ciudades del mundo.,,http://hampton.com/,Estamos buscando un gerente de proyectos con experiencia en tecnologias agiles.
1125,Especialista en Ciberseguridad,Puebla,San Luis Potosi,21/01/2025,Contrato de temporada,Tiempo completo,Ambos,2000,USD,Anual,No Disponible,No Disponible,"Mongodb, Mysql","Docker, AWS",Avanzado,Universitario,5,"Oracle, Python, Tecnologia De La Informacion, Django, Lean, Agile",23,51,Ingeniero/a en inteligencia artificial,Salinas and Sons,Start-up en crecimiento con foco en nuevas tecnologias.,,https://www.white.com/,Ofrecemos un puesto en el area de machine learning con oportunidades de crecimiento.
1126,Ingeniero/a de Machine Learning,Queretaro,Quintana Roo,05/04/2025,Contrato intermitente,Por horas,Remoto,4300,USD,Anual,No Disponible,"Vue.js, Nuxt.js","Mongodb, Mysql","Git, Kubernetes",Avanzado,Universitario,5,No Disponible,23,49,Ingeniero/a de seguridad informatica,Munoz PLC,Desarrolladora de software con proyectos internacionales.,,https://carson.info/,Estamos buscando un gerente de proyectos con experiencia en tecnologias agiles.
1127,Desarrollador/a Backend,Tijuana,CDMX,10/02/2025,Convenio de practicas,Por horas,Remoto,4300,USD,Anual,"Python, JavaScript, SQL","React, Node.js","Postgresql, Mysql","Git, Docker, Aws",No Disponible,Tecnico,5,"Java, C#, SQL",22,51,Arquitecto/a de software,Young-Reyes,Multinacional con proyectos en grandes ciudades del mundo.,,https://www.lopez.net/,Necesitamos un ingeniero de software con experiencia en DevOps.
1128,Analista de Datos Senior,Tijuana,Nuevo Leon,15/04/2025,Contrato intermitente,Tiempo completo,Ambos,4000,USD,Anual,"Java, C#, SQL","Angular, TypeScript","Postgresql, Mysql","Docker, AWS",Avanzado,Tecnico,1,"Python, Java, Node.js",25,45,Desarrollador/a de software,Ferguson Inc,Compania lider en inteligencia artificial y big data.,,http://www.decker.com/,Estamos buscando un gerente de proyectos con experiencia en tecnologias agiles.
1129,Analista de Datos Senior,San Luis Potosi,Queretaro,27/01/2025,Contrato de temporada,Por horas,Ambos,4000,USD,Mensual,"Java, C#, SQL","Vue.js, Nuxt.js","Mongodb, Mysql, Postgresql","Git, Docker, Aws",Basico,Universitario,2,"Python, Java, Node.js",23,46,Analista de datos,"Gates, Black and Richards",Compania lider en inteligencia artificial y big data.,,http://www.smith.com/,Ofrecemos una posicion para un desarrollador con experiencia en tecnologias modernas.
1130,Especialista en Ciberseguridad,Leon,Yucatan,12/06/2025,Contrato de temporada,Por horas,Ambos,3500,USD,Anual,"Java, C#, Python","Angular, TypeScript",Mongodb,"Git, Jenkins",Basico,Universitario,5,No Disponible,24,48,Arquitecto/a de software,Stanley-Mccullough,Multinacional con proyectos en grandes ciudades del mundo.,,http://www.sims.info/,Buscamos un analista de datos con habilidades en Python y SQL.
1131,Ingeniero/a de Machine Learning,Queretaro,Guanajuato,31/03/2025,Contrato de temporada,Tiempo completo,Presencial,3000,USD,Mensual,"Python, JavaScript, SQL","Angular, TypeScript","Mongodb, Mysql","Git, Jenkins",Intermedio,Maestria,3,"Python, Java, Node.js",23,47,Analista de datos,"Williams, Vasquez and Summers",Multinacional con proyectos en grandes ciudades del mundo.,,http://snyder.info/,Buscamos un analista de datos con habilidades en Python y SQL.
1132,Cientifico/a de Datos,Cancun,Nuevo Leon,15/03/2025,Contrato ocasional,Por horas,Presencial,4000,USD,Anual,"Java, C#, SQL","React, Node.js",Mongodb,"Git, Kubernetes",Basico,Universitario,4,"Python, Java, Node.js",25,48,Ingeniero/a devops,Ellis-Johnson,Compania lider en inteligencia artificial y big data.,,https://butler.com/,Buscamos un analista de datos con habilidades en Python y SQL.
1133,Arquitecto/a de Software,Guadalajara,Baja California,19/01/2025,Contrato ocasional,Por horas,Remoto,5000,USD,Anual,"Java, C#, SQL","Vue.js, Nuxt.js","Mongodb, Mysql, Postgresql","Git, Jenkins",Basico,Universitario,3,"Oracle, Python, Tecnologia De La Informacion, Django, Lean, Agile",23,53,Desarrollador/a de software,Atkinson LLC,Multinacional con proyectos en grandes ciudades del mundo.,,http://clark.com/,Ofrecemos un puesto en el area de machine learning con oportunidades de crecimiento.
1134,Gerente de Proyectos TI,Guadalajara,Baja California,25/02/2025,Convenio de practicas,Tiempo completo,Ambos,2000,USD,Mensual,"Java, Python","Angular, TypeScript",Postgresql,"Git, Jenkins",Basico,Maestria,5,"Oracle, Python, Tecnologia De La Informacion, Django, Lean, Agile",24,47,Gerente de proyectos de ti,Howell-Abbott,Compania lider en inteligencia artificial y big data.,,https://www.glass.com/,Estamos buscando un gerente de proyectos con experiencia en tecnologias agiles.
1135,Analista de Datos Senior,Puebla,Quintana Roo,08/06/2025,Convenio de practicas,Tiempo completo,Ambos,3500,USD,Mensual,"Java, Python","Node.Js, Express.Js, Nestjs",Mongodb,"Git, Kubernetes",Intermedio,Maestria,3,"Python, Java, Node.js",22,52,Ingeniero/a en inteligencia artificial,Patterson Ltd,Desarrolladora de software con proyectos internacionales.,,https://www.yang.com/,Buscamos un analista de datos con habilidades en Python y SQL.
1136,Desarrollador/a Full Stack,Puebla,San Luis Potosi,09/06/2025,Contrato intermitente,Por horas,Presencial,2500,USD,Mensual,"Java, Python","Angular, TypeScript","Postgresql, Mysql",No Disponible,No Disponible,Maestria,1,"Oracle, Python, Tecnologia De La Informacion, Django, Lean, Agile",24,54,Ingeniero/a en inteligencia artificial,"Garcia, Huffman and Davila",Start-up en crecimiento con foco en nuevas tecnologias.,,http://www.collins-wright.com/,Necesitamos un ingeniero de software con experiencia en DevOps.
1137,Cientifico/a de Datos,Leon,San Luis Potosi,19/03/2025,Contrato de temporada,Tiempo completo,Remoto,2000,USD,Mensual,"Java, C#, SQL",No Disponible,"Mongodb, Postgresql","Git, Jenkins",Avanzado,Tecnico,4,"Oracle, Python, Tecnologia De La Informacion, Django, Lean, Agile",24,48,Desarrollador/a de software,Hughes Ltd,Desarrolladora de software con proyectos internacionales.,,http://smith.org/,Ofrecemos un puesto en el area de machine learning con oportunidades de crecimiento.
1138,Arquitecto/a de Software,Guadalajara,San Luis Potosi,21/02/2025,Contrato ocasional,Tiempo completo,Ambos,4300,USD,Anual,No Disponible,"Angular, TypeScript","Mongodb, Postgresql","Git, Kubernetes",No Disponible,Maestria,3,"Python, Django, Agile",25,53,Gerente de proyectos de ti,Jones-Brock,Empresa de tecnologia innovadora con un equipo global.,,http://rose.net/,Ofrecemos una posicion para un desarrollador con experiencia en tecnologias modernas.
1139,Arquitecto/a de Software,San Luis Potosi,Yucatan,06/01/2025,Convenio de practicas,Por horas,Presencial,4000,USD,Mensual,"Java, C#, SQL","Angular, TypeScript","Mongodb, Mysql","Git, Kubernetes",Intermedio,Maestria,2,"Python, Django, Agile",23,54,Ingeniero/a de redes y telecomunicaciones,Bell-Schaefer,Compania lider en inteligencia artificial y big data.,,https://edwards.com/,Necesitamos un ingeniero de software con experiencia en DevOps.
1140,Cientifico/a de Datos,Guadalajara,Puebla,09/05/2025,Convenio de practicas,Tiempo completo,Ambos,3000,USD,Mensual,No Disponible,No Disponible,"Mongodb, Postgresql",No Disponible,No Disponible,Maestria,4,"Oracle, Python, Tecnologia De La Informacion, Django, Lean, Agile",22,55,Ingeniero/a en inteligencia artificial,Morales-White,Compania lider en inteligencia artificial y big data.,,http://shepard-pitts.com/,Buscamos un analista de datos con habilidades en Python y SQL.
1141,Desarrollador/a Full Stack,Tijuana,Puebla,24/01/2025,Contrato ocasional,Por horas,Remoto,4300,USD,Mensual,"Java, C#, SQL","Vue.js, Nuxt.js","Postgresql, Mysql","Git, Jenkins",Intermedio,Universitario,4,"Python, Django, Agile",22,48,Ingeniero/a devops,"Shaw, Riley and Wells",Start-up en crecimiento con foco en nuevas tecnologias.,,http://stewart-jackson.net/,Necesitamos un ingeniero de software con experiencia en DevOps.
1142,Cientifico/a de Datos,Monterrey,CDMX,09/01/2025,Contrato ocasional,Por horas,Ambos,4000,USD,Mensual,No Disponible,"Node.Js, Express.Js, Nestjs","Mongodb, Mysql, Postgresql","Git, Docker, Aws",Basico,Tecnico,4,"Oracle, Python, Tecnologia De La Informacion, Django, Lean, Agile",23,49,Analista de negocios ti,Perez PLC,Start-up en crecimiento con foco en nuevas tecnologias.,,https://www.vincent-wilson.com/,Ofrecemos un puesto en el area de machine learning con oportunidades de crecimiento.
1143,Gerente de Proyectos TI,Cancun,San Luis Potosi,15/02/2025,Contrato ocasional,Por horas,Remoto,2500,USD,Anual,"Java, Python","Angular, TypeScript","Mongodb, Postgresql","Git, Jenkins",Basico,Maestria,3,"Oracle, Python, Tecnologia De La Informacion, Django, Lean, Agile",24,48,Analista de datos,"Myers, Armstrong and Phillips",Start-up en crecimiento con foco en nuevas tecnologias.,,https://lyons.com/,Necesitamos un ingeniero de software con experiencia en DevOps.
1144,Ingeniero/a de Machine Learning,San Luis Potosi,Guanajuato,16/02/2025,Contrato intermitente,Por horas,Remoto,2000,USD,Anual,"Java, C#, SQL","Vue.js, Nuxt.js","Postgresql, Mysql","Git, Kubernetes",Basico,Maestria,1,"Oracle, Python, Tecnologia De La Informacion, Django, Lean, Agile",25,47,Ingeniero/a devops,"Scott, Duncan and Rogers",Compania lider en inteligencia artificial y big data.,,https://www.moore.net/,Buscamos un analista de datos con habilidades en Python y SQL.
1145,Desarrollador/a Backend,Tijuana,Quintana Roo,08/03/2025,Contrato intermitente,Por horas,Ambos,4300,USD,Anual,"Java, C#, SQL","Vue.js, Nuxt.js","Mongodb, Mysql, Postgresql","Git, Docker, Aws",No Disponible,Maestria,4,No Disponible,23,55,Ingeniero/a de bases de datos,"Lane, York and Lloyd",Empresa de tecnologia innovadora con un equipo global.,,https://www.arroyo.biz/,Necesitamos un ingeniero de software con experiencia en DevOps.
1146,Arquitecto/a de Software,Queretaro,Nuevo Leon,14/02/2025,Contrato intermitente,Por horas,Presencial,3000,USD,Anual,"Java, C#, Python","React, Node.js",Postgresql,"Docker, AWS",Basico,Maestria,1,"Python, Django, Agile",23,47,Analista de negocios ti,"Garcia, Jones and Sanchez",Desarrolladora de software con proyectos internacionales.,,http://www.wright.com/,Estamos buscando un gerente de proyectos con experiencia en tecnologias agiles.
1147,Analista de Datos Senior,Monterrey,Nuevo Leon,07/03/2025,Contrato intermitente,Tiempo completo,Presencial,2000,USD,Anual,"Java, C#, Python","React, Node.js","Mongodb, Postgresql",No Disponible,Intermedio,Universitario,3,"Python, Django, Agile",24,51,Ingeniero/a en inteligencia artificial,Jackson PLC,Desarrolladora de software con proyectos internacionales.,,https://cole.org/,Buscamos un analista de datos con habilidades en Python y SQL.
1148,Ingeniero/a de Machine Learning,Queretaro,Queretaro,07/03/2025,Contrato ocasional,Por horas,Remoto,2500,USD,Anual,No Disponible,"React, Node.js",Mysql,"Docker, AWS",Avanzado,Tecnico,4,No Disponible,23,55,Analista de datos,Rosario-Davis,Compania lider en inteligencia artificial y big data.,,https://fletcher.com/,Ofrecemos una posicion para un desarrollador con experiencia en tecnologias modernas.
1149,Analista de Datos Senior,Queretaro,Puebla,01/03/2025,Contrato de temporada,Por horas,Ambos,5000,USD,Mensual,"Python, JavaScript, SQL","Vue.js, Nuxt.js",Mongodb,"Git, Docker, Aws",Avanzado,Tecnico,1,No Disponible,24,45,Ingeniero/a en ciberseguridad,Odonnell-Morales,Empresa de tecnologia innovadora con un equipo global.,,https://www.hall.org/,Ofrecemos una posicion para un desarrollador con experiencia en tecnologias modernas.
1150,Analista de Datos Senior,Monterrey,San Luis Potosi,14/02/2025,Contrato de temporada,Tiempo completo,Ambos,2500,USD,Mensual,"Java, Python",No Disponible,"Mongodb, Postgresql","Git, Kubernetes",No Disponible,Tecnico,2,"Java, C#, SQL",23,48,Desarrollador/a de software,"Watkins, Powell and Jackson",Compania lider en inteligencia artificial y big data.,,https://barnes.info/,Necesitamos un ingeniero de software con experiencia en DevOps.
1151,Arquitecto/a de Software,Merida,Quintana Roo,25/01/2025,Contrato ocasional,Tiempo completo,Ambos,4300,USD,Mensual,"Java, Python","React, Node.js",Mysql,"Git, Kubernetes",Avanzado,Universitario,1,"Python, Django, Agile",25,46,Desarrollador/a de software,Rodriguez Group,Start-up en crecimiento con foco en nuevas tecnologias.,,https://www.bates-stephens.com/,Estamos buscando un gerente de proyectos con experiencia en tecnologias agiles.
1152,Ingeniero/a de Machine Learning,Cancun,CDMX,27/04/2025,Contrato ocasional,Por horas,Presencial,4300,USD,Anual,"Python, JavaScript, SQL","Vue.js, Nuxt.js","Mongodb, Postgresql","Docker, AWS",Basico,Tecnico,1,No Disponible,22,48,Arquitecto/a de software,"Wilson, Jones and Barnes",Compania lider en inteligencia artificial y big data.,,https://www.nelson-alvarado.com/,Buscamos un analista de datos con habilidades en Python y SQL.
1153,Desarrollador/a Backend,Guadalajara,Yucatan,02/02/2025,Contrato de temporada,Tiempo completo,Remoto,5000,USD,Anual,"Java, C#, Python","Angular, TypeScript",Mongodb,"Git, Jenkins",Intermedio,Universitario,1,"Java, C#, SQL",24,55,Arquitecto/a de software,Nash-Fry,Desarrolladora de software con proyectos internacionales.,,http://www.mitchell.com/,Estamos buscando un gerente de proyectos con experiencia en tecnologias agiles.
1154,Analista de Datos Senior,Ciudad de Mexico,Guanajuato,11/05/2025,Contrato intermitente,Por horas,Ambos,2500,USD,Anual,"Java, Python","Vue.js, Nuxt.js","Mongodb, Postgresql",No Disponible,Intermedio,Universitario,5,No Disponible,22,55,Ingeniero/a en ciberseguridad,Smith LLC,Desarrolladora de software con proyectos internacionales.,,https://www.sims.com/,Estamos buscando un gerente de proyectos con experiencia en tecnologias agiles.
1155,Especialista en Ciberseguridad,Queretaro,Puebla,15/05/2025,Contrato intermitente,Tiempo completo,Ambos,2000,USD,Anual,"Java, Python","React, Node.js",Mongodb,"Git, Kubernetes",Basico,Tecnico,4,"Python, Django, Agile",23,53,Especialista en machine learning,Burton-Lee,Multinacional con proyectos en grandes ciudades del mundo.,,http://www.adkins.com/,Ofrecemos un puesto en el area de machine learning con oportunidades de crecimiento.
1156,Especialista en Ciberseguridad,Monterrey,Puebla,14/05/2025,Contrato ocasional,Tiempo completo,Presencial,2500,USD,Mensual,"Java, C#, SQL",No Disponible,"Mongodb, Mysql, Postgresql",No Disponible,Basico,Universitario,5,No Disponible,22,52,Ingeniero/a de big data,"Stone, Sullivan and Frazier",Compania lider en inteligencia artificial y big data.,,http://www.garcia-williams.biz/,Necesitamos un ingeniero de software con experiencia en DevOps.
1157,Gerente de Proyectos TI,Guadalajara,Guanajuato,14/05/2025,Contrato ocasional,Tiempo completo,Ambos,5000,USD,Mensual,No Disponible,No Disponible,"Postgresql, Mysql","Git, Jenkins",No Disponible,Maestria,2,"Python, Django, Agile",22,50,Desarrollador/a de software,Clements-Nelson,Desarrolladora de software con proyectos internacionales.,,https://www.todd.info/,Necesitamos un ingeniero de software con experiencia en DevOps.
1158,Ingeniero/a de Machine Learning,Merida,Queretaro,16/03/2025,Contrato de temporada,Tiempo completo,Remoto,2000,USD,Anual,"Java, C#, SQL","Vue.js, Nuxt.js",Postgresql,"Git, Jenkins",Basico,Tecnico,5,"Python, Django, Agile",24,46,Gerente de proyectos de ti,"Simpson, Johnson and Hanson",Start-up en crecimiento con foco en nuevas tecnologias.,,https://munoz-ross.com/,Ofrecemos una posicion para un desarrollador con experiencia en tecnologias modernas.
1159,Cientifico/a de Datos,Puebla,Nuevo Leon,14/01/2025,Convenio de practicas,Por horas,Ambos,3000,USD,Mensual,"Java, Python",No Disponible,"Postgresql, Mysql","Git, Jenkins",Avanzado,Universitario,3,"Java, C#, SQL",22,50,Arquitecto/a de software,"Stone, Wood and Hernandez",Compania lider en inteligencia artificial y big data.,,http://www.kemp.com/,Buscamos un analista de datos con habilidades en Python y SQL.
1160,Cientifico/a de Datos,Ciudad de Mexico,Quintana Roo,27/04/2025,Contrato ocasional,Tiempo completo,Remoto,5000,USD,Mensual,"Java, Python","Vue.js, Nuxt.js",Mongodb,"Git, Docker, Aws",Avanzado,Maestria,4,"Oracle, Python, Tecnologia De La Informacion, Django, Lean, Agile",23,48,Gerente de proyectos de ti,"Avila, Gibson and Rivera",Empresa de tecnologia innovadora con un equipo global.,,https://www.wilson-lee.com/,Ofrecemos un puesto en el area de machine learning con oportunidades de crecimiento.
1161,Desarrollador/a Backend,Leon,Nuevo Leon,03/06/2025,Contrato intermitente,Tiempo completo,Remoto,3000,USD,Mensual,"Python, JavaScript, SQL",No Disponible,"Mongodb, Mysql, Postgresql","Docker, AWS",Basico,Maestria,2,"Python, Java, Node.js",25,55,Ingeniero/a en pruebas de software,"Curry, Webb and Robles",Desarrolladora de software con proyectos internacionales.,,https://www.barton.com/,Ofrecemos una posicion para un desarrollador con experiencia en tecnologias modernas.
1162,Desarrollador/a Full Stack,Guadalajara,Queretaro,30/01/2025,Convenio de practicas,Por horas,Ambos,5000,USD,Anual,"Python, JavaScript, SQL","React, Node.js",Postgresql,No Disponible,Intermedio,Universitario,2,"Oracle, Python, Tecnologia De La Informacion, Django, Lean, Agile",22,47,Ingeniero/a de seguridad informatica,Graves-Austin,Compania lider en inteligencia artificial y big data.,,http://www.aguirre-bernard.com/,Necesitamos un ingeniero de software con experiencia en DevOps.
1163,Gerente de Proyectos TI,Guadalajara,Yucatan,20/02/2025,Contrato intermitente,Por horas,Ambos,2500,USD,Mensual,"Java, C#, Python","Angular, TypeScript",Mongodb,No Disponible,Avanzado,Maestria,3,"Python, Django, Agile",22,51,Ingeniero/a de seguridad informatica,Gonzalez Group,Start-up en crecimiento con foco en nuevas tecnologias.,,http://www.bennett-white.com/,Necesitamos un ingeniero de software con experiencia en DevOps.
1164,Gerente de Proyectos TI,Monterrey,San Luis Potosi,25/02/2025,Contrato ocasional,Tiempo completo,Remoto,3000,USD,Anual,"Java, Python","Angular, TypeScript","Mongodb, Postgresql","Git, Jenkins",Avanzado,Tecnico,4,No Disponible,23,52,Ingeniero/a de big data,Crosby Inc,Compania lider en inteligencia artificial y big data.,,http://adkins.com/,Necesitamos un ingeniero de software con experiencia en DevOps.
1165,Ingeniero/a de Machine Learning,Leon,Baja California,10/06/2025,Contrato intermitente,Por horas,Presencial,1000,USD,Mensual,"Python, JavaScript, SQL","Vue.js, Nuxt.js","Mongodb, Mysql, Postgresql","Git, Kubernetes",Avanzado,Maestria,1,"Oracle, Python, Tecnologia De La Informacion, Django, Lean, Agile",23,54,Ingeniero/a de redes y telecomunicaciones,Thompson Inc,Desarrolladora de software con proyectos internacionales.,,https://www.taylor-hubbard.com/,Ofrecemos un puesto en el area de machine learning con oportunidades de crecimiento.
1166,Ingeniero/a de Machine Learning,Leon,Jalisco,12/06/2025,Convenio de practicas,Por horas,Ambos,2500,USD,Anual,"Java, C#, SQL","Angular, TypeScript","Postgresql, Mysql","Git, Jenkins",Basico,Universitario,2,"Java, C#, SQL",24,48,Ingeniero/a devops,"Smith, Patterson and West",Multinacional con proyectos en grandes ciudades del mundo.,,http://www.baird.com/,Buscamos un analista de datos con habilidades en Python y SQL.
1167,Ingeniero/a de Machine Learning,Ciudad de Mexico,Puebla,25/03/2025,Contrato ocasional,Tiempo completo,Ambos,2500,USD,Mensual,"Java, Python","React, Node.js","Postgresql, Mysql",No Disponible,Avanzado,Maestria,1,"Python, Django, Agile",24,47,Ingeniero/a de redes y telecomunicaciones,Shepherd-Shepherd,Compania lider en inteligencia artificial y big data.,,http://www.wilkins.com/,Ofrecemos un puesto en el area de machine learning con oportunidades de crecimiento.
1168,Desarrollador/a Full Stack,Tijuana,Quintana Roo,24/01/2025,Contrato ocasional,Por horas,Ambos,5000,USD,Mensual,"Java, C#, SQL","Angular, TypeScript",Mongodb,"Git, Docker, Aws",Intermedio,Tecnico,2,"Java, C#, SQL",23,54,Ingeniero/a en inteligencia artificial,"Flowers, Sweeney and Watkins",Start-up en crecimiento con foco en nuevas tecnologias.,,http://www.garrison-vargas.com/,Ofrecemos una posicion para un desarrollador con experiencia en tecnologias modernas.
1169,Desarrollador/a Backend,Puebla,Guanajuato,27/04/2025,Contrato de temporada,Tiempo completo,Ambos,4300,USD,Mensual,"Java, C#, Python","Angular, TypeScript",Postgresql,"Docker, AWS",No Disponible,Maestria,4,"Java, C#, SQL",25,51,Ingeniero/a devops,Jones Ltd,Empresa de tecnologia innovadora con un equipo global.,,http://www.castro-hogan.info/,Buscamos un analista de datos con habilidades en Python y SQL.
1170,Ingeniero/a de Machine Learning,Puebla,Baja California,31/05/2025,Contrato de temporada,Por horas,Remoto,4000,USD,Anual,"Python, JavaScript, SQL","Vue.js, Nuxt.js","Mongodb, Postgresql",No Disponible,Intermedio,Universitario,3,"Python, Java, Node.js",22,54,Ingeniero/a en inteligencia artificial,"Johnson, Larson and Snyder",Multinacional con proyectos en grandes ciudades del mundo.,,https://bruce-richard.net/,Buscamos un analista de datos con habilidades en Python y SQL.
1171,Arquitecto/a de Software,Leon,Jalisco,13/01/2025,Contrato intermitente,Tiempo completo,Remoto,4300,USD,Anual,"Java, C#, SQL","React, Node.js","Mongodb, Mysql, Postgresql","Git, Jenkins",Basico,Maestria,2,"Python, Java, Node.js",22,45,Analista de negocios ti,Norman-Mccarthy,Multinacional con proyectos en grandes ciudades del mundo.,,http://evans-carrillo.biz/,Ofrecemos una posicion para un desarrollador con experiencia en tecnologias modernas.
1172,Analista de Datos Senior,Tijuana,CDMX,25/04/2025,Contrato de temporada,Tiempo completo,Remoto,1000,USD,Mensual,"Java, Python",No Disponible,Mongodb,"Git, Kubernetes",Avanzado,Tecnico,3,"Oracle, Python, Tecnologia De La Informacion, Django, Lean, Agile",22,55,Ingeniero/a de redes y telecomunicaciones,"Gonzalez, Wilkinson and Mitchell",Compania lider en inteligencia artificial y big data.,,http://cobb-parker.info/,Buscamos un analista de datos con habilidades en Python y SQL.
1173,Cientifico/a de Datos,San Luis Potosi,Baja California,29/01/2025,Contrato ocasional,Tiempo completo,Remoto,1000,USD,Anual,No Disponible,"Node.Js, Express.Js, Nestjs",Mysql,"Docker, AWS",Basico,Maestria,3,"Oracle, Python, Tecnologia De La Informacion, Django, Lean, Agile",24,46,Desarrollador/a de software,Lee-Woodward,Start-up en crecimiento con foco en nuevas tecnologias.,,http://www.diaz-benjamin.com/,Buscamos un analista de datos con habilidades en Python y SQL.
1174,Especialista en Ciberseguridad,Cancun,Guanajuato,16/04/2025,Contrato de temporada,Tiempo completo,Remoto,2500,USD,Anual,"Python, JavaScript, SQL","Node.Js, Express.Js, Nestjs",Mysql,No Disponible,Intermedio,Tecnico,1,"Oracle, Python, Tecnologia De La Informacion, Django, Lean, Agile",25,50,Ingeniero/a devops,Lopez-Thomas,Desarrolladora de software con proyectos internacionales.,,http://www.howell-sullivan.com/,Necesitamos un ingeniero de software con experiencia en DevOps.
1175,Desarrollador/a Backend,Guadalajara,Baja California,27/01/2025,Contrato intermitente,Tiempo completo,Ambos,3000,USD,Anual,"Python, JavaScript, SQL",No Disponible,"Mongodb, Postgresql","Git, Jenkins",Intermedio,Tecnico,5,"Java, C#, SQL",23,55,Arquitecto/a de software,Johnson-Mccall,Compania lider en inteligencia artificial y big data.,,http://www.carter.com/,Buscamos un analista de datos con habilidades en Python y SQL.
1176,Cientifico/a de Datos,Monterrey,Baja California,28/02/2025,Contrato ocasional,Por horas,Ambos,1000,USD,Mensual,"Java, C#, SQL",No Disponible,Mongodb,"Git, Jenkins",Avanzado,Tecnico,2,"Python, Django, Agile",22,50,Ingeniero/a de seguridad informatica,Perez PLC,Multinacional con proyectos en grandes ciudades del mundo.,,https://newman.com/,Buscamos un analista de datos con habilidades en Python y SQL.
1177,Especialista en Ciberseguridad,Cancun,Quintana Roo,15/05/2025,Contrato de temporada,Por horas,Ambos,1000,USD,Anual,No Disponible,"Angular, TypeScript","Mongodb, Mysql","Git, Kubernetes",Basico,Universitario,5,No Disponible,22,45,Ingeniero/a en pruebas de software,"Rhodes, Martinez and Carroll",Compania lider en inteligencia artificial y big data.,,http://bailey-mcdaniel.com/,Necesitamos un ingeniero de software con experiencia en DevOps.
1178,Cientifico/a de Datos,Queretaro,Nuevo Leon,09/06/2025,Contrato intermitente,Por horas,Remoto,1000,USD,Mensual,"Java, Python",No Disponible,"Mongodb, Postgresql","Git, Jenkins",Avanzado,Universitario,2,"Oracle, Python, Tecnologia De La Informacion, Django, Lean, Agile",24,47,Especialista en machine learning,Ayala and Sons,Desarrolladora de software con proyectos internacionales.,,http://harper.com/,Ofrecemos una posicion para un desarrollador con experiencia en tecnologias modernas.
1179,Ingeniero/a de Machine Learning,San Luis Potosi,Puebla,28/03/2025,Contrato intermitente,Por horas,Presencial,4000,USD,Anual,"Java, C#, Python","Node.Js, Express.Js, Nestjs","Mongodb, Mysql, Postgresql",No Disponible,Avanzado,Maestria,3,"Python, Django, Agile",25,46,Ingeniero/a de seguridad informatica,"Smith, Saunders and Wright",Multinacional con proyectos en grandes ciudades del mundo.,,http://www.cortez-murray.biz/,Buscamos un analista de datos con habilidades en Python y SQL.
1180,Desarrollador/a Backend,Queretaro,Yucatan,23/05/2025,Contrato de temporada,Por horas,Remoto,4300,USD,Anual,"Java, Python","React, Node.js","Postgresql, Mysql","Git, Docker, Aws",Avanzado,Tecnico,3,No Disponible,25,45,Ingeniero/a en inteligencia artificial,Nguyen LLC,Compania lider en inteligencia artificial y big data.,,https://www.smith.com/,Buscamos un analista de datos con habilidades en Python y SQL.
1181,Desarrollador/a Backend,Guadalajara,San Luis Potosi,02/03/2025,Contrato intermitente,Por horas,Ambos,2000,USD,Anual,"Java, C#, Python","Node.Js, Express.Js, Nestjs","Postgresql, Mysql","Git, Docker, Aws",Intermedio,Tecnico,2,"Oracle, Python, Tecnologia De La Informacion, Django, Lean, Agile",24,51,Ingeniero/a en inteligencia artificial,"Gilbert, Farmer and Moon",Start-up en crecimiento con foco en nuevas tecnologias.,,http://www.young-meyer.com/,Buscamos un analista de datos con habilidades en Python y SQL.
1182,Gerente de Proyectos TI,San Luis Potosi,Jalisco,03/04/2025,Contrato ocasional,Tiempo completo,Presencial,2000,USD,Anual,"Java, Python","Vue.js, Nuxt.js",Mongodb,"Docker, AWS",Basico,Universitario,5,"Java, C#, SQL",25,49,Arquitecto/a de software,Terry-Daugherty,Multinacional con proyectos en grandes ciudades del mundo.,,https://fitzpatrick.info/,Necesitamos un ingeniero de software con experiencia en DevOps.
1183,Cientifico/a de Datos,Tijuana,Yucatan,28/02/2025,Contrato intermitente,Por horas,Presencial,2500,USD,Mensual,No Disponible,"React, Node.js","Mongodb, Mysql, Postgresql","Git, Docker, Aws",Basico,Universitario,1,"Python, Java, Node.js",25,51,Ingeniero/a en pruebas de software,"Reed, Conley and Smith",Empresa de tecnologia innovadora con un equipo global.,,http://www.jones.com/,Ofrecemos una posicion para un desarrollador con experiencia en tecnologias modernas.
1184,Desarrollador/a Backend,Cancun,Quintana Roo,15/01/2025,Convenio de practicas,Por horas,Presencial,3500,USD,Anual,"Java, Python",No Disponible,"Mongodb, Mysql","Docker, AWS",Avanzado,Tecnico,4,"Python, Java, Node.js",23,50,Ingeniero/a de seguridad informatica,Shaw-Turner,Start-up en crecimiento con foco en nuevas tecnologias.,,http://www.white-barnett.com/,Ofrecemos un puesto en el area de machine learning con oportunidades de crecimiento.
1185,Desarrollador/a Backend,Cancun,Quintana Roo,10/03/2025,Contrato ocasional,Tiempo completo,Presencial,4300,USD,Anual,"Java, Python",No Disponible,Mysql,"Git, Jenkins",Intermedio,Tecnico,2,"Python, Django, Agile",22,49,Especialista en machine learning,Bates-George,Start-up en crecimiento con foco en nuevas tecnologias.,,https://harris.com/,Ofrecemos una posicion para un desarrollador con experiencia en tecnologias modernas.
1186,Especialista en Ciberseguridad,Ciudad de Mexico,Yucatan,24/02/2025,Contrato intermitente,Tiempo completo,Remoto,2000,USD,Anual,No Disponible,"React, Node.js",Mongodb,"Git, Docker, Aws",No Disponible,Tecnico,1,"Python, Java, Node.js",25,47,Ingeniero/a de big data,Johnson and Sons,Desarrolladora de software con proyectos internacionales.,,http://tran.com/,Necesitamos un ingeniero de software con experiencia en DevOps.
1187,Desarrollador/a Backend,Cancun,Baja California,28/03/2025,Contrato ocasional,Por horas,Remoto,2500,USD,Anual,"Java, C#, Python","Angular, TypeScript","Mongodb, Postgresql",No Disponible,No Disponible,Universitario,1,"Oracle, Python, Tecnologia De La Informacion, Django, Lean, Agile",23,51,Ingeniero/a en ciberseguridad,Jones-Ortiz,Multinacional con proyectos en grandes ciudades del mundo.,,https://jimenez.com/,Buscamos un analista de datos con habilidades en Python y SQL.
1188,Analista de Datos Senior,Puebla,Yucatan,18/04/2025,Convenio de practicas,Tiempo completo,Presencial,5000,USD,Mensual,"Java, C#, Python","React, Node.js","Postgresql, Mysql","Docker, AWS",Avanzado,Maestria,5,"Python, Java, Node.js",25,52,Analista de negocios ti,Robinson and Sons,Desarrolladora de software con proyectos internacionales.,,https://avila.org/,Ofrecemos un puesto en el area de machine learning con oportunidades de crecimiento.
1189,Especialista en Ciberseguridad,Tijuana,San Luis Potosi,05/03/2025,Contrato intermitente,Tiempo completo,Presencial,2000,USD,Anual,No Disponible,"Vue.js, Nuxt.js","Mongodb, Mysql, Postgresql","Git, Kubernetes",No Disponible,Universitario,3,"Java, C#, SQL",22,48,Especialista en machine learning,Garcia-Mayo,Desarrolladora de software con proyectos internacionales.,,https://gay-griffin.biz/,Buscamos un analista de datos con habilidades en Python y SQL.
1190,Cientifico/a de Datos,Cancun,Puebla,19/02/2025,Contrato de temporada,Tiempo completo,Presencial,5000,USD,Anual,"Python, JavaScript, SQL","Vue.js, Nuxt.js","Mongodb, Mysql, Postgresql",No Disponible,Intermedio,Tecnico,2,"Python, Django, Agile",22,54,Gerente de proyectos de ti,"Rush, Hughes and Mitchell",Empresa de tecnologia innovadora con un equipo global.,,http://www.carey-sanchez.com/,Estamos buscando un gerente de proyectos con experiencia en tecnologias agiles.
1191,Gerente de Proyectos TI,Guadalajara,Jalisco,09/02/2025,Convenio de practicas,Tiempo completo,Presencial,3500,USD,Anual,"Java, Python",No Disponible,"Mongodb, Postgresql","Docker, AWS",Avanzado,Universitario,2,"Python, Java, Node.js",22,54,Analista de datos,Lee Ltd,Start-up en crecimiento con foco en nuevas tecnologias.,,http://www.spencer-rivera.org/,Buscamos un analista de datos con habilidades en Python y SQL.
1192,Analista de Datos Senior,Merida,Nuevo Leon,18/01/2025,Contrato ocasional,Por horas,Ambos,2500,USD,Mensual,"Java, Python","Vue.js, Nuxt.js","Mongodb, Mysql","Git, Docker, Aws",Intermedio,Tecnico,5,No Disponible,25,47,Gerente de proyectos de ti,Stewart-Miles,Compania lider en inteligencia artificial y big data.,,http://www.warren-smith.com/,Estamos buscando un gerente de proyectos con experiencia en tecnologias agiles.
1193,Desarrollador/a Full Stack,Merida,San Luis Potosi,24/01/2025,Contrato intermitente,Por horas,Presencial,3500,USD,Anual,"Java, Python","Vue.js, Nuxt.js",Mongodb,"Git, Docker, Aws",Avanzado,Universitario,2,No Disponible,22,49,Ingeniero/a en ciberseguridad,Cuevas-Ford,Compania lider en inteligencia artificial y big data.,,https://cook.com/,Ofrecemos un puesto en el area de machine learning con oportunidades de crecimiento.
1194,Cientifico/a de Datos,Tijuana,Nuevo Leon,20/02/2025,Contrato de temporada,Tiempo completo,Ambos,2500,USD,Anual,"Java, C#, Python","React, Node.js",Mongodb,"Git, Jenkins",Basico,Universitario,3,"Python, Django, Agile",22,48,Especialista en machine learning,Brooks Inc,Empresa de tecnologia innovadora con un equipo global.,,http://www.shaw.com/,Buscamos un analista de datos con habilidades en Python y SQL.
1195,Especialista en Ciberseguridad,Guadalajara,Baja California,11/01/2025,Contrato de temporada,Por horas,Ambos,4000,USD,Mensual,"Java, C#, Python","Angular, TypeScript","Mongodb, Mysql","Git, Docker, Aws",Basico,Maestria,2,"Python, Java, Node.js",24,47,Ingeniero/a en ciberseguridad,"Lowe, Moran and White",Multinacional con proyectos en grandes ciudades del mundo.,,https://www.mcmahon.org/,Ofrecemos una posicion para un desarrollador con experiencia en tecnologias modernas.
1196,Especialista en Ciberseguridad,Merida,Queretaro,20/02/2025,Contrato de temporada,Tiempo completo,Ambos,2500,USD,Mensual,No Disponible,"React, Node.js","Mongodb, Mysql, Postgresql","Git, Kubernetes",Intermedio,Tecnico,5,No Disponible,23,50,Ingeniero/a de big data,Garrison-Singh,Compania lider en inteligencia artificial y big data.,,https://gonzales.com/,Ofrecemos un puesto en el area de machine learning con oportunidades de crecimiento.
1197,Desarrollador/a Backend,Cancun,Jalisco,23/02/2025,Convenio de practicas,Por horas,Remoto,3500,USD,Anual,"Python, JavaScript, SQL","Angular, TypeScript",Mysql,"Git, Kubernetes",Intermedio,Maestria,2,"Python, Django, Agile",23,45,Gerente de proyectos de ti,"Hodge, Gardner and Mckenzie",Desarrolladora de software con proyectos internacionales.,,http://www.patterson.org/,Buscamos un analista de datos con habilidades en Python y SQL.
1198,Desarrollador/a Full Stack,Merida,Yucatan,05/02/2025,Contrato de temporada,Tiempo completo,Ambos,1000,USD,Mensual,"Java, C#, SQL",No Disponible,Postgresql,"Git, Docker, Aws",Avanzado,Universitario,4,"Python, Django, Agile",23,53,Arquitecto/a de software,Lawrence-Wood,Desarrolladora de software con proyectos internacionales.,,http://russell-moody.com/,Ofrecemos una posicion para un desarrollador con experiencia en tecnologias modernas.
1199,Arquitecto/a de Software,San Luis Potosi,Queretaro,09/05/2025,Contrato intermitente,Tiempo completo,Presencial,3000,USD,Mensual,"Java, C#, SQL","Angular, TypeScript",Postgresql,"Git, Docker, Aws",No Disponible,Maestria,4,"Python, Java, Node.js",25,46,Ingeniero/a de redes y telecomunicaciones,Hill-Robinson,Desarrolladora de software con proyectos internacionales.,,http://allen.com/,Estamos buscando un gerente de proyectos con experiencia en tecnologias agiles.
